{"n01440764": "Tinca tinca", "n01443537": "Carassius auratus", "n01484850": "Carcharodon carcharias", "n01491361": "Galeocerdo cuvieri", "n01494475": "hammerhead shark", "n01496331": "torpedo", "n01498041": "stingray", "n01514668": "cock", "n01514859": "hen", "n01518878": "Struthio camelus", "n01530575": "Fringilla montifringilla", "n01531178": "Carduelis carduelis", "n01532829": "Carpodacus mexicanus", "n01534433": "snowbird", "n01537544": "Passerina cyanea", "n01558993": "Turdus migratorius", "n01560419": "bulbul", "n01580077": "jay", "n01582220": "magpie", "n01592084": "chickadee", "n01601694": "dipper", "n01608432": "kite", "n01614925": "Haliaeetus leucocephalus", "n01616318": "vulture", "n01622779": "Strix nebulosa", "n01629819": "Salamandra salamandra", "n01630670": "Triturus vulgaris", "n01631663": "eft", "n01632458": "Ambystoma maculatum", "n01632777": "Ambystoma mexicanum", "n01641577": "Rana catesbeiana", "n01644373": "tree-frog", "n01644900": "Ascaphus trui", "n01664065": "Caretta caretta", "n01665541": "Dermochelys coriacea", "n01667114": "mud turtle", "n01667778": "terrapin", "n01669191": "box tortoise", "n01675722": "banded gecko", "n01677366": "Iguana iguana", "n01682714": "Anolis carolinensis", "n01685808": "whiptail lizard", "n01687978": "agama", "n01688243": "Chlamydosaurus kingi", "n01689811": "alligator lizard", "n01692333": "Heloderma suspectum", "n01693334": "Lacerta viridis", "n01694178": "Chamaeleo chamaeleon", "n01695060": "Varanus komodoensis", "n01697457": "Crocodylus niloticus", "n01698640": "Alligator mississipiensis", "n01704323": "triceratops", "n01728572": "Carphophis amoenus", "n01728920": "ring snake", "n01729322": "puff adder", "n01729977": "green snake", "n01734418": "kingsnake", "n01735189": "garter snake", "n01737021": "water snake", "n01739381": "vine snake", "n01740131": "Hypsiglena torquata", "n01742172": "Constrictor constrictor", "n01744401": "Python sebae", "n01748264": "Naja naja", "n01749939": "green mamba", "n01751748": "sea snake", "n01753488": "Cerastes cornutus", "n01755581": "Crotalus adamanteus", "n01756291": "Crotalus cerastes", "n01768244": "trilobite", "n01770081": "Phalangium opilio", "n01770393": "scorpion", "n01773157": "Argiope aurantia", "n01773549": "Araneus cavaticus", "n01773797": "Aranea diademata", "n01774384": "Latrodectus mactans", "n01774750": "tarantula", "n01775062": "hunting spider", "n01776313": "tick", "n01784675": "centipede", "n01795545": "black grouse", "n01796340": "ptarmigan", "n01797886": "Bonasa umbellus", "n01798484": "prairie fowl", "n01806143": "peacock", "n01806567": "quail", "n01807496": "partridge", "n01817953": "Psittacus erithacus", "n01818515": "macaw", "n01819313": "Cacatua galerita", "n01820546": "lorikeet", "n01824575": "coucal", "n01828970": "bee eater", "n01829413": "hornbill", "n01833805": "hummingbird", "n01843065": "jacamar", "n01843383": "toucan", "n01847000": "drake", "n01855032": "Mergus serrator", "n01855672": "goose", "n01860187": "Cygnus atratus", "n01871265": "tusker", "n01872401": "anteater", "n01873310": "Ornithorhynchus anatinus", "n01877812": "brush kangaroo", "n01882714": "Phascolarctos cinereus", "n01883070": "wombat", "n01910747": "jellyfish", "n01914609": "anemone", "n01917289": "brain coral", "n01924916": "platyhelminth", "n01930112": "roundworm", "n01943899": "conch", "n01944390": "snail", "n01945685": "slug", "n01950731": "nudibranch", "n01955084": "polyplacophore", "n01968897": "nautilus", "n01978287": "Cancer magister", "n01978455": "Cancer irroratus", "n01980166": "fiddler crab", "n01981276": "Paralithodes camtschatica", "n01983481": "Homarus americanus", "n01984695": "sea crawfish", "n01985128": "crawdaddy", "n01986214": "hermit crab", "n01990800": "isopod", "n02002556": "Ciconia ciconia", "n02002724": "Ciconia nigra", "n02006656": "spoonbill", "n02007558": "flamingo", "n02009229": "Egretta caerulea", "n02009912": "Egretta albus", "n02011460": "bittern", "n02012849": "crane_bird", "n02013706": "Aramus pictus", "n02017213": "Porphyrio porphyrio", "n02018207": "Fulica americana", "n02018795": "bustard", "n02025239": "Arenaria interpres", "n02027492": "Erolia alpina", "n02028035": "Tringa totanus", "n02033041": "dowitcher", "n02037110": "oyster catcher", "n02051845": "pelican", "n02056570": "Aptenodytes patagonica", "n02058221": "mollymawk", "n02066245": "Eschrichtius robustus", "n02071294": "Orcinus orca", "n02074367": "Dugong dugon", "n02077923": "sea lion", "n02085620": "Chihuahua", "n02085782": "Japanese spaniel", "n02085936": "Maltese", "n02086079": "Peke", "n02086240": "Shih-Tzu", "n02086646": "Blenheim spaniel", "n02086910": "papillon", "n02087046": "toy terrier", "n02087394": "Rhodesian ridgeback", "n02088094": "Afghan", "n02088238": "basset hound", "n02088364": "beagle", "n02088466": "sleuthhound", "n02088632": "bluetick", "n02089078": "black-and-tan coonhound", "n02089867": "Walker foxhound", "n02089973": "English foxhound", "n02090379": "redbone", "n02090622": "Russian wolfhound", "n02090721": "Irish wolfhound", "n02091032": "Italian greyhound", "n02091134": "whippet", "n02091244": "Ibizan Podenco", "n02091467": "elkhound", "n02091635": "otter hound", "n02091831": "gazelle hound", "n02092002": "deerhound", "n02092339": "Weimaraner", "n02093256": "Staffordshire bull terrier", "n02093428": "pit bull terrier", "n02093647": "Bedlington terrier", "n02093754": "Border terrier", "n02093859": "Kerry blue terrier", "n02093991": "Irish terrier", "n02094114": "Norfolk terrier", "n02094258": "Norwich terrier", "n02094433": "Yorkshire terrier", "n02095314": "wire-haired fox terrier", "n02095570": "Lakeland terrier", "n02095889": "Sealyham", "n02096051": "Airedale terrier", "n02096177": "cairn terrier", "n02096294": "Australian terrier", "n02096437": "Dandie Dinmont terrier", "n02096585": "Boston terrier", "n02097047": "miniature schnauzer", "n02097130": "giant schnauzer", "n02097209": "standard schnauzer", "n02097298": "Scottie", "n02097474": "chrysanthemum dog", "n02097658": "Sydney silky", "n02098105": "soft-coated wheaten terrier", "n02098286": "West Highland white terrier", "n02098413": "Lhasa apso", "n02099267": "flat-coated retriever", "n02099429": "curly-coated retriever", "n02099601": "golden retriever", "n02099712": "Labrador retriever", "n02099849": "Chesapeake Bay retriever", "n02100236": "German short-haired pointer", "n02100583": "Hungarian pointer", "n02100735": "English setter", "n02100877": "red setter", "n02101006": "Gordon setter", "n02101388": "Brittany spaniel", "n02101556": "clumber spaniel", "n02102040": "English springer spaniel", "n02102177": "Welsh springer spaniel", "n02102318": "cocker", "n02102480": "Sussex spaniel", "n02102973": "Irish water spaniel", "n02104029": "kuvasz", "n02104365": "schipperke", "n02105056": "groenendael", "n02105162": "malinois", "n02105251": "briard", "n02105412": "kelpie", "n02105505": "komondor", "n02105641": "bobtail", "n02105855": "Shetland", "n02106030": "collie", "n02106166": "Border collie", "n02106382": "Bouviers des Flandres", "n02106550": "Rottweiler", "n02106662": "alsatian", "n02107142": "Doberman pinscher", "n02107312": "miniature pinscher", "n02107574": "Greater Swiss Mountain dog", "n02107683": "Bernese mountain dog", "n02107908": "Appenzeller", "n02108000": "EntleBucher", "n02108089": "boxer", "n02108422": "bull mastiff", "n02108551": "Tibetan mastiff", "n02108915": "French bulldog", "n02109047": "Great Dane", "n02109525": "St Bernard", "n02109961": "husky", "n02110063": "Alaskan malamute", "n02110185": "Siberian husky", "n02110341": "carriage dog", "n02110627": "monkey dog", "n02110806": "basenji", "n02110958": "pug-dog", "n02111129": "Leonberg", "n02111277": "Newfoundland dog", "n02111500": "Great Pyrenees", "n02111889": "Samoyede", "n02112018": "Pomeranian", "n02112137": "chow chow", "n02112350": "keeshond", "n02112706": "Brabancon griffon", "n02113023": "Pembroke Welsh corgi", "n02113186": "Cardigan Welsh corgi", "n02113624": "toy poodle", "n02113712": "miniature poodle", "n02113799": "standard poodle", "n02113978": "Mexican hairless", "n02114367": "Canis lupus", "n02114548": "Canis lupus tundrarum", "n02114712": "Canis niger", "n02114855": "Canis latrans", "n02115641": "Canis dingo", "n02115913": "Cuon alpinus", "n02116738": "Lycaon pictus", "n02117135": "hyaena", "n02119022": "Vulpes vulpes", "n02119789": "Vulpes macrotis", "n02120079": "Alopex lagopus", "n02120505": "Urocyon cinereoargenteus", "n02123045": "tabby cat", "n02123159": "tiger cat", "n02123394": "Persian cat", "n02123597": "Siamese", "n02124075": "Egyptian cat", "n02125311": "Felis concolor", "n02127052": "lynx", "n02128385": "Panthera pardus", "n02128757": "Panthera uncia", "n02128925": "Felis onca", "n02129165": "Panthera leo", "n02129604": "Panthera tigris", "n02130308": "Acinonyx jubatus", "n02132136": "Ursus arctos", "n02133161": "Euarctos americanus", "n02134084": "Thalarctos maritimus", "n02134418": "Ursus ursinus", "n02137549": "mongoose", "n02138441": "mierkat", "n02165105": "tiger beetle", "n02165456": "ladybird beetle", "n02167151": "carabid beetle", "n02168699": "longicorn beetle", "n02169497": "chrysomelid", "n02172182": "dung beetle", "n02174001": "rhinoceros beetle", "n02177972": "weevil", "n02190166": "fly", "n02206856": "bee", "n02219486": "pismire", "n02226429": "hopper", "n02229544": "cricket", "n02231487": "stick insect", "n02233338": "roach", "n02236044": "mantid", "n02256656": "cicala", "n02259212": "leafhopper", "n02264363": "lacewing fly", "n02268443": "skeeter hawk", "n02268853": "damselfly", "n02276258": "admiral", "n02277742": "ringlet butterfly", "n02279972": "Danaus plexippus", "n02280649": "cabbage butterfly", "n02281406": "sulfur butterfly", "n02281787": "lycaenid butterfly", "n02317335": "sea star", "n02319095": "sea urchin", "n02321529": "holothurian", "n02325366": "cottontail rabbit", "n02326432": "hare", "n02328150": "Angora rabbit", "n02342885": "hamster", "n02346627": "hedgehog", "n02356798": "Sciurus niger", "n02361337": "marmot", "n02363005": "beaver", "n02364673": "Cavia cobaya", "n02389026": "sorrel", "n02391049": "zebra", "n02395406": "squealer", "n02396427": "boar", "n02397096": "warthog", "n02398521": "Hippopotamus amphibius", "n02403003": "ox", "n02408429": "Bubalus bubalis", "n02410509": "bison", "n02412080": "tup", "n02415577": "Ovis canadensis", "n02417914": "Capra ibex", "n02422106": "hartebeest", "n02422699": "Aepyceros melampus", "n02423022": "gazelle", "n02437312": "Camelus dromedarius", "n02437616": "llama", "n02441942": "weasel", "n02442845": "mink", "n02443114": "Mustela putorius", "n02443484": "Mustela nigripes", "n02444819": "otter", "n02445715": "wood pussy", "n02447366": "badger", "n02454379": "armadillo", "n02457408": "Bradypus tridactylus", "n02480495": "Pongo pygmaeus", "n02480855": "Gorilla gorilla", "n02481823": "Pan troglodytes", "n02483362": "Hylobates lar", "n02483708": "Symphalangus syndactylus", "n02484975": "guenon monkey", "n02486261": "Erythrocebus patas", "n02486410": "baboon", "n02487347": "macaque", "n02488291": "langur", "n02488702": "colobus monkey", "n02489166": "Nasalis larvatus", "n02490219": "marmoset", "n02492035": "Cebus capucinus", "n02492660": "howler", "n02493509": "titi monkey", "n02493793": "Ateles geoffroyi", "n02494079": "Saimiri sciureus", "n02497673": "Lemur catta", "n02500267": "Indri brevicaudatus", "n02504013": "Elephas maximus", "n02504458": "Loxodonta africana", "n02509815": "Ailurus fulgens", "n02510455": "Ailuropoda melanoleuca", "n02514041": "snoek", "n02526121": "eel", "n02536864": "Oncorhynchus kisutch", "n02606052": "Holocanthus tricolor", "n02607072": "anemone fish", "n02640242": "sturgeon", "n02641379": "Lepisosteus osseus", "n02643566": "lionfish", "n02655020": "globefish", "n02666196": "abacus", "n02667093": "abaya", "n02669723": "judge's robe", "n02672831": "squeeze box", "n02676566": "acoustic guitar", "n02687172": "attack aircraft carrier", "n02690373": "airliner", "n02692877": "dirigible", "n02699494": "altar", "n02701002": "ambulance", "n02704792": "amphibious vehicle", "n02708093": "analog clock", "n02727426": "bee house", "n02730930": "apron", "n02747177": "trash bin", "n02749479": "assault gun", "n02769748": "haversack", "n02776631": "bakehouse", "n02777292": "beam", "n02782093": "balloon", "n02783161": "Biro", "n02786058": "Band Aid", "n02787622": "banjo", "n02788148": "handrail", "n02790996": "barbell", "n02791124": "barber chair", "n02791270": "barbershop", "n02793495": "barn", "n02794156": "barometer", "n02795169": "cask", "n02797295": "wheelbarrow", "n02799071": "baseball", "n02802426": "basketball", "n02804414": "bassinet", "n02804610": "bassoon", "n02807133": "swimming cap", "n02808304": "bath towel", "n02808440": "bath", "n02814533": "waggon", "n02814860": "pharos", "n02815834": "beaker", "n02817516": "shako", "n02823428": "beer bottle", "n02823750": "beer glass", "n02825657": "bell cot", "n02834397": "bib", "n02835271": "tandem", "n02837789": "two-piece", "n02840245": "ring-binder", "n02841315": "opera glasses", "n02843684": "birdhouse", "n02859443": "boathouse", "n02860847": "bob", "n02865351": "bola", "n02869837": "poke bonnet", "n02870880": "bookcase", "n02871525": "bookstall", "n02877765": "bottlecap", "n02879718": "bow", "n02883205": "bowtie", "n02892201": "plaque", "n02892767": "bandeau", "n02894605": "jetty", "n02895154": "egis", "n02906734": "broom", "n02909870": "pail", "n02910353": "buckle", "n02916936": "bulletproof vest", "n02917067": "bullet", "n02927161": "meat market", "n02930766": "taxicab", "n02939185": "cauldron", "n02948072": "wax light", "n02950826": "cannon", "n02951358": "canoe", "n02951585": "tin opener", "n02963159": "cardigan", "n02965783": "car mirror", "n02966193": "whirligig", "n02966687": "tool kit", "n02971356": "carton", "n02974003": "car wheel", "n02977058": "ATM", "n02978881": "cassette", "n02979186": "cassette player", "n02980441": "castle", "n02981792": "catamaran", "n02988304": "CD player", "n02992211": "violoncello", "n02992529": "mobile phone", "n02999410": "chain", "n03000134": "chainlink fence", "n03000247": "ring armour", "n03000684": "chainsaw", "n03014705": "chest", "n03016953": "commode", "n03017168": "bell", "n03018349": "china closet", "n03026506": "Christmas stocking", "n03028079": "church building", "n03032252": "picture palace", "n03041632": "chopper", "n03042490": "cliff dwelling", "n03045698": "cloak", "n03047690": "sabot", "n03062245": "cocktail shaker", "n03063599": "coffee mug", "n03063689": "coffeepot", "n03065424": "helix", "n03075370": "combination lock", "n03085013": "keypad", "n03089624": "candy store", "n03095699": "container vessel", "n03100240": "convertible", "n03109150": "bottle screw", "n03110669": "trump", "n03124043": "cowboy boot", "n03124170": "ten-gallon hat", "n03125729": "cradle", "n03126707": "crane", "n03127747": "crash helmet", "n03127925": "crate", "n03131574": "cot", "n03133878": "Crock Pot", "n03134739": "croquet ball", "n03141823": "crutch", "n03146219": "cuirass", "n03160309": "dyke", "n03179701": "desk", "n03180011": "desktop computer", "n03187595": "dial phone", "n03188531": "napkin", "n03196217": "digital clock", "n03197337": "digital watch", "n03201208": "board", "n03207743": "dishcloth", "n03207941": "dishwashing machine", "n03208938": "disc brake", "n03216828": "docking facility", "n03218198": "dog sleigh", "n03220513": "dome", "n03223299": "welcome mat", "n03240683": "offshore rig", "n03249569": "tympan", "n03250847": "drumstick", "n03255030": "dumbbell", "n03259280": "Dutch oven", "n03271574": "blower", "n03272010": "electric guitar", "n03272562": "electric locomotive", "n03290653": "entertainment center", "n03291819": "envelope", "n03297495": "espresso maker", "n03314780": "face powder", "n03325584": "boa", "n03337140": "filing cabinet", "n03344393": "fireboat", "n03345487": "fire truck", "n03347037": "fireguard", "n03355925": "flagstaff", "n03372029": "transverse flute", "n03376595": "folding chair", "n03379051": "football helmet", "n03384352": "forklift", "n03388043": "fountain", "n03388183": "fountain pen", "n03388549": "four-poster", "n03393912": "freight car", "n03394916": "French horn", "n03400231": "skillet", "n03404251": "fur coat", "n03417042": "dustcart", "n03424325": "gas helmet", "n03425413": "island dispenser", "n03443371": "goblet", "n03444034": "go-kart", "n03445777": "golf ball", "n03445924": "golf cart", "n03447447": "gondola", "n03447721": "tam-tam", "n03450230": "gown", "n03452741": "grand", "n03457902": "glasshouse", "n03459775": "radiator grille", "n03461385": "market", "n03467068": "guillotine", "n03476684": "hair slide", "n03476991": "hair spray", "n03478589": "half track", "n03481172": "hammer", "n03482405": "hamper", "n03483316": "hair drier", "n03485407": "hand-held microcomputer", "n03485794": "hankey", "n03492542": "fixed disk", "n03494278": "mouth harp", "n03495258": "harp", "n03496892": "reaper", "n03498962": "hatchet", "n03527444": "holster", "n03529860": "home theatre", "n03530642": "honeycomb", "n03532672": "claw", "n03534580": "crinoline", "n03535780": "high bar", "n03538406": "horse-cart", "n03544143": "hourglass", "n03584254": "iPod", "n03584829": "smoothing iron", "n03590841": "jack-o'-lantern", "n03594734": "denim", "n03594945": "landrover", "n03595614": "tee shirt", "n03598930": "jigsaw puzzle", "n03599486": "rickshaw", "n03602883": "joystick", "n03617480": "kimono", "n03623198": "knee pad", "n03627232": "knot", "n03630383": "laboratory coat", "n03633091": "ladle", "n03637318": "lamp shade", "n03642806": "laptop computer", "n03649909": "mower", "n03657121": "lens cover", "n03658185": "paperknife", "n03661043": "library", "n03662601": "lifeboat", "n03666591": "ignitor", "n03670208": "limo", "n03673027": "ocean liner", "n03676483": "lip rouge", "n03680355": "Loafer", "n03690938": "lotion", "n03691459": "speaker system", "n03692522": "jeweler's loupe", "n03697007": "sawmill", "n03706229": "magnetic compass", "n03709823": "postbag", "n03710193": "letter box", "n03710637": "maillot", "n03710721": "tank suit", "n03717622": "manhole cover", "n03720891": "maraca", "n03721384": "xylophone", "n03724870": "mask", "n03729826": "matchstick", "n03733131": "maypole", "n03733281": "labyrinth", "n03733805": "measuring cup", "n03742115": "medicine cabinet", "n03743016": "megalithic structure", "n03759954": "mike", "n03761084": "microwave oven", "n03763968": "military uniform", "n03764736": "milk can", "n03769881": "minibus", "n03770439": "mini", "n03770679": "minivan", "n03773504": "missile", "n03775071": "mitten", "n03775546": "mixing bowl", "n03776460": "manufactured home", "n03777568": "Model T", "n03777754": "modem", "n03781244": "monastery", "n03782006": "monitor", "n03785016": "moped", "n03786901": "mortar", "n03787032": "mortarboard", "n03788195": "mosque", "n03788365": "mosquito net", "n03791053": "scooter", "n03792782": "off-roader", "n03792972": "mountain tent", "n03793489": "computer mouse", "n03794056": "mousetrap", "n03796401": "moving van", "n03803284": "muzzle", "n03804744": "nail", "n03814639": "neck brace", "n03814906": "necklace", "n03825788": "nipple", "n03832673": "notebook computer", "n03837869": "obelisk", "n03838899": "hautbois", "n03840681": "sweet potato", "n03841143": "milometer", "n03843555": "oil filter", "n03854065": "pipe organ", "n03857828": "CRO", "n03866082": "overskirt", "n03868242": "oxcart", "n03868863": "oxygen mask", "n03871628": "packet", "n03873416": "boat paddle", "n03874293": "paddle wheel", "n03874599": "padlock", "n03876231": "paintbrush", "n03877472": "jammies", "n03877845": "palace", "n03884397": "syrinx", "n03887697": "paper towel", "n03888257": "chute", "n03888605": "bars", "n03891251": "park bench", "n03891332": "parking meter", "n03895866": "carriage", "n03899768": "terrace", "n03902125": "pay-station", "n03903868": "footstall", "n03908618": "pencil case", "n03908714": "pencil sharpener", "n03916031": "essence", "n03920288": "Petri dish", "n03924679": "photocopier", "n03929660": "plectron", "n03929855": "pickelhaube", "n03930313": "paling", "n03930630": "pickup truck", "n03933933": "pier", "n03935335": "penny bank", "n03937543": "pill bottle", "n03938244": "pillow", "n03942813": "ping-pong ball", "n03944341": "pinwheel", "n03947888": "pirate ship", "n03950228": "ewer", "n03954731": "woodworking plane", "n03956157": "planetarium", "n03958227": "plastic bag", "n03961711": "plate rack", "n03967562": "plough", "n03970156": "plumber's helper", "n03976467": "Polaroid Land camera", "n03976657": "pole", "n03977966": "black Maria", "n03980874": "poncho", "n03982430": "snooker table", "n03983396": "soda bottle", "n03991062": "flowerpot", "n03992509": "potter's wheel", "n03995372": "power drill", "n03998194": "prayer mat", "n04004767": "printer", "n04005630": "prison house", "n04008634": "projectile", "n04009552": "projector", "n04019541": "hockey puck", "n04023962": "punchball", "n04026417": "purse", "n04033901": "quill pen", "n04033995": "puff", "n04037443": "racing car", "n04039381": "racquet", "n04040759": "radiator", "n04041544": "wireless", "n04044716": "radio reflector", "n04049303": "rain barrel", "n04065272": "R.V.", "n04067472": "reel", "n04069434": "reflex camera", "n04070727": "icebox", "n04074963": "remote", "n04081281": "eatery", "n04086273": "six-shooter", "n04090263": "rifle", "n04099969": "rocker", "n04111531": "rotisserie", "n04116512": "pencil eraser", "n04118538": "rugby ball", "n04118776": "ruler", "n04120489": "running shoe", "n04125021": "safe", "n04127249": "safety pin", "n04131690": "salt shaker", "n04133789": "sandal", "n04136333": "sarong", "n04141076": "saxophone", "n04141327": "scabbard", "n04141975": "weighing machine", "n04146614": "school bus", "n04147183": "schooner", "n04149813": "scoreboard", "n04152593": "CRT screen", "n04153751": "screw", "n04154565": "screwdriver", "n04162706": "seatbelt", "n04179913": "sewing machine", "n04192698": "buckler", "n04200800": "shoe store", "n04201297": "shoji", "n04204238": "shopping basket", "n04204347": "shopping cart", "n04208210": "shovel", "n04209133": "shower cap", "n04209239": "shower curtain", "n04228054": "ski", "n04229816": "ski mask", "n04235860": "sleeping bag", "n04238763": "slipstick", "n04239074": "sliding door", "n04243546": "one-armed bandit", "n04251144": "snorkel", "n04252077": "snowmobile", "n04252225": "snowplough", "n04254120": "soap dispenser", "n04254680": "soccer ball", "n04254777": "sock", "n04258138": "solar furnace", "n04259630": "sombrero", "n04263257": "soup bowl", "n04264628": "space bar", "n04265275": "space heater", "n04266014": "space shuttle", "n04270147": "spatula", "n04273569": "speedboat", "n04275548": "spider's web", "n04277352": "spindle", "n04285008": "sport car", "n04286575": "spot", "n04296562": "stage", "n04310018": "steam locomotive", "n04311004": "steel arch bridge", "n04311174": "steel drum", "n04317175": "stethoscope", "n04325704": "stole", "n04326547": "stone wall", "n04328186": "stop watch", "n04330267": "stove", "n04332243": "strainer", "n04335435": "trolley car", "n04336792": "stretcher", "n04344873": "day bed", "n04346328": "tope", "n04347754": "U-boat", "n04350905": "suit of clothes", "n04355338": "sundial", "n04355933": "sunglass", "n04356056": "shades", "n04357314": "sun blocker", "n04366367": "suspension bridge", "n04367480": "mop", "n04370456": "sweatshirt", "n04371430": "bathing trunks", "n04371774": "swing", "n04372370": "electrical switch", "n04376876": "syringe", "n04380533": "table lamp", "n04389033": "armoured combat vehicle", "n04392985": "tape player", "n04398044": "teapot", "n04399382": "teddy bear", "n04404412": "television system", "n04409515": "tennis ball", "n04417672": "thatched roof", "n04418357": "theatre curtain", "n04423845": "thimble", "n04428191": "threshing machine", "n04429376": "throne", "n04435653": "tile roof", "n04442312": "toaster", "n04443257": "tobacconist", "n04447861": "toilet seat", "n04456115": "torch", "n04458633": "totem pole", "n04461696": "wrecker", "n04462240": "toyshop", "n04465501": "tractor", "n04467665": "semi", "n04476259": "tray", "n04479046": "trench coat", "n04482393": "velocipede", "n04483307": "trimaran", "n04485082": "tripod", "n04486054": "triumphal arch", "n04487081": "trackless trolley", "n04487394": "trombone", "n04493381": "vat", "n04501370": "turnstile", "n04505470": "typewriter keyboard", "n04507155": "umbrella", "n04509417": "monocycle", "n04515003": "upright piano", "n04517823": "vacuum cleaner", "n04522168": "vase", "n04523525": "vault", "n04525038": "velvet", "n04525305": "vending machine", "n04532106": "vestment", "n04532670": "viaduct", "n04536866": "fiddle", "n04540053": "volleyball", "n04542943": "waffle iron", "n04548280": "wall clock", "n04548362": "pocketbook", "n04550184": "press", "n04552348": "military plane", "n04553703": "wash-hand basin", "n04554684": "washing machine", "n04557648": "water bottle", "n04560804": "water jug", "n04562935": "water tower", "n04579145": "whiskey jug", "n04579432": "whistle", "n04584207": "wig", "n04589890": "window screen", "n04590129": "window shade", "n04591157": "Windsor tie", "n04591713": "wine bottle", "n04592741": "wing", "n04596742": "wok", "n04597913": "wooden spoon", "n04599235": "woollen", "n04604644": "Virginia fence", "n04606251": "wreck", "n04612504": "yawl", "n04613696": "yurt", "n06359193": "site", "n06596364": "comic book", "n06785654": "crossword", "n06794110": "street sign", "n06874185": "stoplight", "n07248320": "dust wrapper", "n07565083": "menu", "n07579787": "plate", "n07583066": "guacamole", "n07584110": "consomme", "n07590611": "hotpot", "n07613480": "trifle", "n07614500": "icecream", "n07615774": "popsicle", "n07684084": "French loaf", "n07693725": "beigel", "n07695742": "pretzel", "n07697313": "cheeseburger", "n07697537": "red hot", "n07711569": "mashed potato", "n07714571": "head cabbage", "n07714990": "broccoli", "n07715103": "cauliflower", "n07716358": "courgette", "n07716906": "spaghetti squash", "n07717410": "acorn squash", "n07717556": "butternut squash", "n07718472": "cuke", "n07718747": "globe artichoke", "n07720875": "bell pepper", "n07730033": "cardoon", "n07734744": "mushroom", "n07742313": "Granny Smith", "n07745940": "strawberry", "n07747607": "orange", "n07749582": "lemon", "n07753113": "fig", "n07753275": "ananas", "n07753592": "banana", "n07754684": "jack", "n07760859": "custard apple", "n07768694": "pomegranate", "n07802026": "hay", "n07831146": "carbonara", "n07836838": "chocolate syrup", "n07860988": "dough", "n07871810": "meatloaf", "n07873807": "pizza pie", "n07875152": "potpie", "n07880968": "burrito", "n07892512": "red wine", "n07920052": "espresso", "n07930864": "cup", "n07932039": "eggnog", "n09193705": "alp", "n09229709": "bubble", "n09246464": "drop-off", "n09256479": "coral reef", "n09288635": "geyser", "n09332890": "lakeshore", "n09399592": "foreland", "n09421951": "sand bar", "n09428293": "sea-coast", "n09468604": "vale", "n09472597": "volcano", "n09835506": "baseball player", "n10148035": "bridegroom", "n10565667": "scuba diver", "n11879895": "rapeseed", "n11939491": "daisy", "n12057211": "Cypripedium parviflorum", "n12144580": "corn", "n12267677": "acorn", "n12620546": "rosehip", "n12768682": "conker", "n12985857": "coral fungus", "n12998815": "agaric", "n13037406": "gyromitra", "n13040303": "carrion fungus", "n13044778": "earthstar", "n13052670": "Grifola frondosa", "n13054560": "bolete", "n13133613": "capitulum", "n15075141": "bathroom tissue"}